Pokedex,Name,Types,Health,Attack,Defense,Special Attack,Special Defense,Speed,Movesets,Image
1,Bulbasaur,Grass;Poison,45,49,49,65,65,45,Bide;LeechSeed;BodySlam;PoisonPowder;Cut;TakeDown;DoubleTeam;RazorLeaf;Rest;VineWhip;Growl;Rage;DoubleEdge;SleepPowder;Reflect;Substitute;Growth;Mimic;SolarBeam;SwordsDance;Toxic;MegaDrain;Tackle,https://www.pokencyclopedia.info/sprites/gen5/ani_black-white/ani_bw_001.gif,bulbasaur
2,Ivysaur,Grass;Poison,60,62,63,80,80,60,Bide;LeechSeed;BodySlam;PoisonPowder;Cut;TakeDown;DoubleTeam;RazorLeaf;Rest;VineWhip;Growl;Rage;DoubleEdge;SleepPowder;Reflect;Substitute;Growth;Mimic;SolarBeam;SwordsDance;Toxic;MegaDrain;Tackle,https://www.pokencyclopedia.info/sprites/gen5/ani_black-white/ani_bw_002.gif,ivysaur
3,Venusaur,Grass;Poison,80,82,83,100,100,80,Bide;LeechSeed;BodySlam;PoisonPowder;Cut;TakeDown;DoubleTeam;RazorLeaf;Rest;VineWhip;Growl;Rage;DoubleEdge;SleepPowder;Reflect;Substitute;Growth;Mimic;SolarBeam;SwordsDance;Toxic;MegaDrain;HyperBeam;Tackle,https://www.pokencyclopedia.info/sprites/gen5/ani_black-white/ani_bw_003_f.gif,venusaur
4,Charmander,Fire,39,52,43,60,50,65,Bide;BodySlam;Ember;SeismicToss;Cut;Flamethrower;TakeDown;Swift;DoubleTeam;Dig;Counter;MegaKick;Rest;Growl;Rage;DoubleEdge;Substitute;Reflect;FireBlast;Mimic;Submission;Slash;Strength;SkullBash;Leer;MegaPunch;SwordsDance;Toxic;DragonRage;Scratch;FireSpin,https://www.pokencyclopedia.info/sprites/gen5/ani_black-white/ani_bw_004.gif,charmander
5,Charmeleon,Fire,58,64,58,80,65,80,Bide;BodySlam;Ember;SeismicToss;Cut;Flamethrower;TakeDown;Swift;DoubleTeam;Dig;Counter;MegaKick;Rest;Growl;Rage;DoubleEdge;Substitute;Reflect;FireBlast;Mimic;Submission;Slash;Strength;SkullBash;Leer;MegaPunch;SwordsDance;Toxic;DragonRage;Scratch;FireSpin,https://www.pokencyclopedia.info/sprites/gen5/ani_black-white/ani_bw_005.gif,charmeleon
6,Charizard,Fire;Flying,78,84,78,109,85,100,Bide;BodySlam;Ember;SeismicToss;Cut;Flamethrower;TakeDown;Swift;DoubleTeam;Dig;Earthquake;Counter;MegaKick;Rest;Growl;Rage;DoubleEdge;Substitute;Reflect;FireBlast;Mimic;Submission;Slash;Strength;SkullBash;Leer;Fissure;MegaPunch;SwordsDance;Toxic;DragonRage;Scratch;HyperBeam;FireSpin,https://www.pokencyclopedia.info/sprites/gen5/ani_black-white/ani_bw_006.gif,charizard
7,Squirtle,Water,44,48,65,50,64,43,Bide;BodySlam;SeismicToss;TakeDown;IceBeam;DoubleTeam;Bubble;Dig;Counter;TailWhip;MegaKick;Rest;Rage;Withdraw;DoubleEdge;Blizzard;Substitute;Reflect;Mimic;WaterGun;Submission;BubbleBeam;Bite;Strength;Surf;SkullBash;MegaPunch;Toxic;HydroPump;Tackle,https://www.pokencyclopedia.info/sprites/gen5/ani_black-white/ani_bw_007.gif,squirtle
8,Wartortle,Water,59,63,80,65,80,58,Bide;BodySlam;SeismicToss;TakeDown;IceBeam;DoubleTeam;Bubble;Dig;Counter;TailWhip;MegaKick;Rest;Rage;Withdraw;DoubleEdge;Blizzard;Substitute;Reflect;Mimic;WaterGun;Submission;BubbleBeam;Bite;Strength;Surf;SkullBash;MegaPunch;Toxic;HydroPump;Tackle,https://www.pokencyclopedia.info/sprites/gen5/ani_black-white/ani_bw_008.gif,wartortle
9,Blastoise,Water,79,83,100,85,105,78,Bide;BodySlam;SeismicToss;TakeDown;IceBeam;DoubleTeam;Bubble;Dig;Earthquake;Counter;TailWhip;MegaKick;Rest;Rage;Withdraw;DoubleEdge;Blizzard;Substitute;Reflect;Mimic;WaterGun;Submission;BubbleBeam;Bite;Strength;Surf;SkullBash;Fissure;MegaPunch;Toxic;HyperBeam;HydroPump;Tackle,https://www.pokencyclopedia.info/sprites/gen5/ani_black-white/ani_bw_009.gif,blastoise
10,Caterpie,Bug,45,30,35,20,20,45,Tackle;StringShot,https://www.pokencyclopedia.info/sprites/gen5/ani_black-white/ani_bw_010.gif,caterpie
11,Metapod,Bug,50,20,55,25,25,30,Harden;Tackle;StringShot,https://www.pokencyclopedia.info/sprites/gen5/ani_black-white/ani_bw_011.gif,metapod
12,Butterfree,Bug;Flying,60,45,50,90,80,70,Bide;PoisonPowder;Gust;StunSpore;TakeDown;Swift;DoubleTeam;RazorWind;Psychic;Psywave;Supersonic;Whirlwind;Rest;Rage;DoubleEdge;Confusion;Teleport;SleepPowder;Psybeam;Reflect;Substitute;Mimic;Harden;SolarBeam;Toxic;MegaDrain;HyperBeam;Tackle;StringShot,https://www.pokencyclopedia.info/sprites/gen5/ani_black-white/ani_bw_012_f.gif,butterfree
13,Weedle,Bug;Poison,40,35,30,20,20,50,StringShot;PoisonSting,https://www.pokencyclopedia.info/sprites/gen5/ani_black-white/ani_bw_013.gif,weedle
14,Kakuna,Bug;Poison,45,25,50,25,25,35,Harden;StringShot;PoisonSting,https://www.pokencyclopedia.info/sprites/gen5/ani_black-white/ani_bw_014.gif,kakuna
15,Beedrill,Bug;Poison,65,90,40,45,80,75,Bide;Cut;TakeDown;Agility;Swift;DoubleTeam;FocusEnergy;Rest;Rage;DoubleEdge;Substitute;Reflect;Mimic;PoisonSting;Harden;SkullBash;SwordsDance;PinMissile;FuryAttack;Twineedle;Toxic;MegaDrain;HyperBeam;StringShot,https://www.pokencyclopedia.info/sprites/gen5/ani_black-white/ani_bw_015.gif,beedrill
16,Pidgey,Normal;Flying,40,45,40,35,35,56,Bide;Gust;TakeDown;Agility;SkyAttack;Swift;DoubleTeam;WingAttack;RazorWind;Whirlwind;Rest;Rage;DoubleEdge;QuickAttack;Substitute;SandAttack;Reflect;Mimic;MirrorMove;Toxic;Fly,https://www.pokencyclopedia.info/sprites/gen5/ani_black-white/ani_bw_016.gif,pidgey
17,Pidgeotto,Normal;Flying,63,60,55,50,50,71,Bide;Gust;TakeDown;Agility;SkyAttack;Swift;DoubleTeam;WingAttack;RazorWind;Whirlwind;Rest;Rage;DoubleEdge;QuickAttack;Substitute;SandAttack;Reflect;Mimic;MirrorMove;Toxic;Fly,https://www.pokencyclopedia.info/sprites/gen5/ani_black-white/ani_bw_017.gif,pidgeotto
18,Pidgeot,Normal;Flying,83,80,75,70,70,101,Bide;Gust;TakeDown;Agility;SkyAttack;Swift;DoubleTeam;WingAttack;RazorWind;Whirlwind;Rest;Rage;DoubleEdge;QuickAttack;Substitute;SandAttack;Reflect;Mimic;MirrorMove;Toxic;Fly;HyperBeam,https://www.pokencyclopedia.info/sprites/gen5/ani_black-white/ani_bw_018.gif,pidgeot
19,Rattata,Normal,30,56,35,25,35,72,Bide;BodySlam;Thunder;HyperFang;TakeDown;Swift;DoubleTeam;Dig;FocusEnergy;TailWhip;Rest;Rage;DoubleEdge;QuickAttack;Blizzard;Substitute;Mimic;WaterGun;SuperFang;BubbleBeam;Thunderbolt;SkullBash;Toxic;Tackle,https://www.pokencyclopedia.info/sprites/gen5/ani_black-white/ani_bw_019_f.gif,rattata
20,Raticate,Normal,55,81,60,50,70,97,Bide;BodySlam;Thunder;HyperFang;TakeDown;IceBeam;Swift;DoubleTeam;Dig;FocusEnergy;TailWhip;Rest;Rage;DoubleEdge;QuickAttack;Blizzard;Substitute;Mimic;WaterGun;SuperFang;BubbleBeam;Thunderbolt;SkullBash;Toxic;HyperBeam;Tackle,https://www.pokencyclopedia.info/sprites/gen5/ani_black-white/ani_bw_020_f.gif,raticate
21,Spearow,Normal;Flying,40,60,30,31,31,70,Bide;TakeDown;Agility;SkyAttack;Swift;DoubleTeam;RazorWind;Peck;Whirlwind;DrillPeck;Rest;Growl;Rage;DoubleEdge;Substitute;Mimic;MirrorMove;Leer;FuryAttack;Toxic;Fly,https://www.pokencyclopedia.info/sprites/gen5/ani_black-white/ani_bw_021.gif,spearow
22,Fearow,Normal;Flying,65,90,65,61,61,100,Bide;TakeDown;Agility;SkyAttack;Swift;DoubleTeam;RazorWind;Peck;Whirlwind;DrillPeck;Rest;Growl;Rage;DoubleEdge;Substitute;Mimic;MirrorMove;Leer;FuryAttack;Toxic;Fly;HyperBeam,https://www.pokencyclopedia.info/sprites/gen5/ani_black-white/ani_bw_022.gif,fearow
23,Ekans,Poison,35,60,44,40,54,55,Glare;Bide;BodySlam;Acid;TakeDown;Wrap;DoubleTeam;Dig;Earthquake;RockSlide;Rest;Rage;DoubleEdge;Substitute;Mimic;Bite;PoisonSting;Strength;SkullBash;Leer;Fissure;Toxic;MegaDrain;Screech,https://www.pokencyclopedia.info/sprites/gen5/ani_black-white/ani_bw_023.gif,ekans
24,Arbok,Poison,60,95,69,65,79,80,Glare;Bide;BodySlam;Acid;TakeDown;Wrap;DoubleTeam;Dig;Earthquake;RockSlide;Rest;Rage;DoubleEdge;Substitute;Mimic;Bite;PoisonSting;Strength;SkullBash;Leer;Fissure;Toxic;MegaDrain;HyperBeam;Screech,https://www.pokencyclopedia.info/sprites/gen5/ani_black-white/ani_bw_024.gif,arbok
25,Pikachu,Electric,35,55,40,50,50,90,Bide;BodySlam;ThunderShock;SeismicToss;Thunder;ThunderWave;Slam;TakeDown;Agility;Swift;DoubleTeam;TailWhip;MegaKick;Rest;Growl;Rage;PayDay;DoubleEdge;QuickAttack;Substitute;Reflect;Mimic;Submission;Flash;Thunderbolt;SkullBash;MegaPunch;Toxic;LightScreen,https://www.pokencyclopedia.info/sprites/gen5/ani_black-white/ani_bw_025_f.gif,pikachu
26,Raichu,Electric,60,90,55,90,80,100,Bide;BodySlam;ThunderShock;SeismicToss;Thunder;ThunderWave;TakeDown;Agility;Swift;DoubleTeam;MegaKick;Rest;Growl;Rage;PayDay;DoubleEdge;QuickAttack;Substitute;Reflect;Mimic;Submission;Flash;Thunderbolt;SkullBash;MegaPunch;Toxic;HyperBeam,https://www.pokencyclopedia.info/sprites/gen5/ani_black-white/ani_bw_026_f.gif,raichu
27,Sandshrew,Ground,50,75,85,20,30,40,Bide;BodySlam;SeismicToss;Cut;TakeDown;Swift;DoubleTeam;Dig;Earthquake;RockSlide;Rest;Rage;DoubleEdge;Substitute;SandAttack;Mimic;FurySwipes;Submission;Slash;PoisonSting;Strength;SkullBash;Fissure;SwordsDance;Toxic;Scratch,https://www.pokencyclopedia.info/sprites/gen5/ani_black-white/ani_bw_027.gif,sandshrew
28,Sandslash,Ground,75,100,110,45,55,65,Bide;BodySlam;SeismicToss;Cut;TakeDown;Swift;DoubleTeam;Dig;Earthquake;RockSlide;Rest;Rage;DoubleEdge;Substitute;SandAttack;Mimic;FurySwipes;Submission;Slash;PoisonSting;Strength;SkullBash;Fissure;SwordsDance;Toxic;Scratch;HyperBeam,https://www.pokencyclopedia.info/sprites/gen5/ani_black-white/ani_bw_028.gif,sandslash
29,Nidoran♀,Poison,55,47,52,40,40,41,Bide;BodySlam;Thunder;TakeDown;DoubleTeam;TailWhip;Rest;Growl;Rage;DoubleEdge;Blizzard;Substitute;Reflect;Mimic;FurySwipes;DoubleKick;Bite;PoisonSting;Thunderbolt;SkullBash;Toxic;Scratch;Tackle,https://www.pokencyclopedia.info/sprites/gen5/ani_black-white/ani_bw_029.gif,nidoran♀
30,Nidorina,Poison,70,62,67,55,55,56,Bide;BodySlam;Thunder;TakeDown;IceBeam;DoubleTeam;TailWhip;Rest;Growl;Rage;DoubleEdge;Blizzard;Substitute;Reflect;Mimic;FurySwipes;WaterGun;DoubleKick;BubbleBeam;Bite;HornDrill;PoisonSting;Thunderbolt;SkullBash;Toxic;Scratch;Tackle,https://www.pokencyclopedia.info/sprites/gen5/ani_black-white/ani_bw_030.gif,nidorina
31,Nidoqueen,Poison;Ground,90,92,87,75,85,76,Bide;BodySlam;SeismicToss;Thunder;TakeDown;IceBeam;DoubleTeam;Earthquake;RockSlide;Counter;TailWhip;MegaKick;Rest;Growl;Rage;PayDay;DoubleEdge;Blizzard;Substitute;Reflect;FireBlast;Mimic;FurySwipes;WaterGun;Submission;DoubleKick;BubbleBeam;Bite;HornDrill;PoisonSting;Strength;Surf;Thunderbolt;SkullBash;Fissure;MegaPunch;Toxic;Scratch;HyperBeam;Tackle,https://www.pokencyclopedia.info/sprites/gen5/ani_black-white/ani_bw_031.gif,nidoqueen
32,Nidoran♂,Poison,46,57,40,40,40,50,Bide;BodySlam;Thunder;TakeDown;DoubleTeam;FocusEnergy;Rest;Rage;DoubleEdge;Blizzard;Substitute;Reflect;HornAttack;Mimic;DoubleKick;HornDrill;PoisonSting;Thunderbolt;SkullBash;Leer;FuryAttack;Toxic;Tackle,https://www.pokencyclopedia.info/sprites/gen5/ani_black-white/ani_bw_032.gif,nidoran♂
33,Nidorino,Poison,61,72,57,55,55,65,Bide;BodySlam;Thunder;TakeDown;IceBeam;DoubleTeam;FocusEnergy;Rest;Rage;DoubleEdge;Blizzard;Substitute;Reflect;HornAttack;Mimic;WaterGun;DoubleKick;BubbleBeam;HornDrill;PoisonSting;Thunderbolt;SkullBash;Leer;FuryAttack;Toxic;Tackle,https://www.pokencyclopedia.info/sprites/gen5/ani_black-white/ani_bw_033.gif,nidorino
34,Nidoking,Poison;Ground,81,102,77,85,75,85,Bide;BodySlam;SeismicToss;Thunder;TakeDown;IceBeam;DoubleTeam;FocusEnergy;Earthquake;RockSlide;Counter;MegaKick;Rest;Rage;PayDay;DoubleEdge;Blizzard;Substitute;Reflect;HornAttack;Mimic;FireBlast;WaterGun;Submission;DoubleKick;BubbleBeam;HornDrill;PoisonSting;Strength;Surf;Thunderbolt;SkullBash;Leer;Fissure;MegaPunch;FuryAttack;Toxic;HyperBeam;Thrash;Tackle,https://www.pokencyclopedia.info/sprites/gen5/ani_black-white/ani_bw_034.gif,nidoking
35,Clefairy,Fairy,70,45,48,60,65,35,Bide;BodySlam;SeismicToss;Thunder;Sing;ThunderWave;Minimize;TakeDown;IceBeam;DoubleTeam;Pound;Psychic;Counter;Psywave;Metronome;DoubleSlap;MegaKick;Rest;Growl;DefenseCurl;Rage;DoubleEdge;TriAttack;Blizzard;Teleport;Substitute;Reflect;FireBlast;Mimic;WaterGun;Submission;BubbleBeam;Flash;Strength;Thunderbolt;SkullBash;MegaPunch;SolarBeam;Toxic;LightScreen,https://www.pokencyclopedia.info/sprites/gen5/ani_black-white/ani_bw_035.gif,clefairy
36,Clefable,Fairy,95,70,73,95,90,60,Bide;BodySlam;SeismicToss;Thunder;Sing;ThunderWave;Minimize;TakeDown;IceBeam;DoubleTeam;Pound;Psychic;Counter;Psywave;Metronome;DoubleSlap;MegaKick;Rest;Growl;DefenseCurl;Rage;DoubleEdge;TriAttack;Blizzard;Teleport;Substitute;Reflect;FireBlast;Mimic;WaterGun;Submission;BubbleBeam;Flash;Strength;Thunderbolt;SkullBash;MegaPunch;SolarBeam;Toxic;HyperBeam;LightScreen,https://www.pokencyclopedia.info/sprites/gen5/ani_black-white/ani_bw_036.gif,clefable
37,Vulpix,Fire,38,41,40,50,65,65,Bide;BodySlam;Ember;ConfuseRay;Flamethrower;TakeDown;Swift;DoubleTeam;Dig;TailWhip;Rest;Rage;DoubleEdge;QuickAttack;Substitute;Reflect;FireBlast;Mimic;SkullBash;Roar;Toxic;FireSpin,https://www.pokencyclopedia.info/sprites/gen5/ani_black-white/ani_bw_037.gif,vulpix
38,Ninetales,Fire,73,76,75,81,100,100,Bide;BodySlam;Ember;ConfuseRay;Flamethrower;TakeDown;Swift;DoubleTeam;Dig;TailWhip;Rest;Rage;DoubleEdge;QuickAttack;Substitute;Reflect;FireBlast;Mimic;SkullBash;Roar;Toxic;HyperBeam;FireSpin,https://www.pokencyclopedia.info/sprites/gen5/ani_black-white/ani_bw_038.gif,ninetales
39,Jigglypuff,Normal;Fairy,115,45,20,45,25,20,Bide;BodySlam;Disable;SeismicToss;Thunder;Sing;ThunderWave;TakeDown;IceBeam;DoubleTeam;Pound;Psychic;Counter;Psywave;DoubleSlap;MegaKick;Rest;DefenseCurl;Rage;DoubleEdge;TriAttack;Blizzard;Teleport;Substitute;Reflect;FireBlast;Mimic;WaterGun;Submission;BubbleBeam;Flash;Strength;Thunderbolt;SkullBash;MegaPunch;SolarBeam;Toxic,https://www.pokencyclopedia.info/sprites/gen5/ani_black-white/ani_bw_039.gif,jigglypuff
40,Wigglytuff,Normal;Fairy,140,70,45,85,50,45,Bide;BodySlam;Disable;SeismicToss;Thunder;Sing;ThunderWave;TakeDown;IceBeam;DoubleTeam;Pound;Psychic;Counter;Psywave;DoubleSlap;MegaKick;Rest;DefenseCurl;Rage;DoubleEdge;TriAttack;Blizzard;Teleport;Substitute;Reflect;FireBlast;Mimic;WaterGun;Submission;BubbleBeam;Flash;Strength;Thunderbolt;SkullBash;MegaPunch;SolarBeam;Toxic;HyperBeam,https://www.pokencyclopedia.info/sprites/gen5/ani_black-white/ani_bw_040.gif,wigglytuff
41,Zubat,Poison;Flying,40,45,35,30,40,55,Bide;ConfuseRay;TakeDown;Swift;DoubleTeam;WingAttack;RazorWind;Supersonic;Haze;Whirlwind;Rest;LeechLife;Rage;DoubleEdge;Substitute;Mimic;Bite;Toxic;MegaDrain,https://www.pokencyclopedia.info/sprites/gen5/ani_black-white/ani_bw_041_f.gif,zubat
42,Golbat,Poison;Flying,75,80,70,65,75,90,Bide;ConfuseRay;TakeDown;Swift;DoubleTeam;WingAttack;RazorWind;Supersonic;Haze;Whirlwind;LeechLife;Rest;Rage;DoubleEdge;Substitute;Mimic;Bite;Toxic;MegaDrain;HyperBeam;Screech,https://www.pokencyclopedia.info/sprites/gen5/ani_black-white/ani_bw_042_f.gif,golbat
43,Oddish,Grass;Poison,45,50,55,75,65,30,Bide;PoisonPowder;Cut;Acid;StunSpore;TakeDown;DoubleTeam;PetalDance;Rest;Rage;Absorb;DoubleEdge;SleepPowder;Reflect;Substitute;Mimic;SolarBeam;SwordsDance;Toxic;MegaDrain,https://www.pokencyclopedia.info/sprites/gen5/ani_black-white/ani_bw_043.gif,oddish
44,Gloom,Grass;Poison,60,65,70,85,75,40,Bide;PoisonPowder;Cut;Acid;StunSpore;TakeDown;DoubleTeam;PetalDance;Rest;Rage;Absorb;DoubleEdge;SleepPowder;Reflect;Substitute;Mimic;SolarBeam;SwordsDance;Toxic;MegaDrain,https://www.pokencyclopedia.info/sprites/gen5/ani_black-white/ani_bw_044_f.gif,gloom
45,Vileplume,Grass;Poison,75,80,85,110,90,50,Bide;BodySlam;PoisonPowder;Cut;StunSpore;Acid;TakeDown;DoubleTeam;PetalDance;Rest;Rage;Absorb;DoubleEdge;SleepPowder;Reflect;Substitute;Mimic;SolarBeam;SwordsDance;Toxic;MegaDrain;HyperBeam,https://www.pokencyclopedia.info/sprites/gen5/ani_black-white/ani_bw_045_f.gif,vileplume
46,Paras,Bug;Grass,35,70,55,45,55,25,Bide;BodySlam;Cut;StunSpore;TakeDown;DoubleTeam;Dig;LeechLife;Rest;Rage;DoubleEdge;Substitute;Reflect;Growth;Mimic;Slash;Spore;SkullBash;SolarBeam;SwordsDance;Toxic;MegaDrain;Scratch,https://www.pokencyclopedia.info/sprites/gen5/ani_black-white/ani_bw_046.gif,paras
47,Parasect,Bug;Grass,60,95,80,60,80,30,Bide;BodySlam;Cut;StunSpore;TakeDown;DoubleTeam;Dig;LeechLife;Rest;Rage;DoubleEdge;Substitute;Reflect;Growth;Mimic;Slash;Spore;SkullBash;SolarBeam;SwordsDance;Toxic;MegaDrain;Scratch;HyperBeam,https://www.pokencyclopedia.info/sprites/gen5/ani_black-white/ani_bw_047.gif,parasect
48,Venonat,Bug;Poison,60,55,50,40,55,45,Bide;PoisonPowder;Disable;StunSpore;TakeDown;DoubleTeam;Psychic;Psywave;Supersonic;Rest;LeechLife;Rage;DoubleEdge;Confusion;Psybeam;SleepPowder;Reflect;Substitute;Mimic;Flash;SolarBeam;Toxic;MegaDrain;Tackle,https://www.pokencyclopedia.info/sprites/gen5/ani_black-white/ani_bw_048.gif,venonat
49,Venomoth,Bug;Poison,70,65,60,90,75,90,Bide;PoisonPowder;Disable;StunSpore;TakeDown;Swift;DoubleTeam;RazorWind;Psychic;Psywave;Supersonic;Whirlwind;LeechLife;Rest;Rage;DoubleEdge;Confusion;Teleport;Psybeam;SleepPowder;Reflect;Substitute;Mimic;Flash;SolarBeam;Toxic;MegaDrain;HyperBeam;Tackle,https://www.pokencyclopedia.info/sprites/gen5/ani_black-white/ani_bw_049.gif,venomoth
50,Diglett,Ground,10,55,25,35,45,95,Bide;BodySlam;Cut;TakeDown;DoubleTeam;Dig;Earthquake;RockSlide;Rest;Growl;Rage;DoubleEdge;Substitute;SandAttack;Mimic;Slash;Fissure;Toxic;Scratch,https://www.pokencyclopedia.info/sprites/gen5/ani_black-white/ani_bw_050.gif,diglett
51,Dugtrio,Ground,35,100,50,50,70,120,Bide;BodySlam;Cut;TakeDown;DoubleTeam;Dig;Earthquake;RockSlide;Rest;Growl;Rage;DoubleEdge;Substitute;SandAttack;Mimic;Slash;Fissure;Toxic;Scratch;HyperBeam,https://www.pokencyclopedia.info/sprites/gen5/ani_black-white/ani_bw_051.gif,dugtrio
52,Meowth,Normal,40,45,35,40,40,90,Bide;BodySlam;Thunder;TakeDown;Swift;DoubleTeam;Rest;Growl;Rage;PayDay;DoubleEdge;Substitute;Mimic;FurySwipes;WaterGun;Slash;BubbleBeam;Bite;Thunderbolt;SkullBash;Toxic;Scratch;Screech,https://www.pokencyclopedia.info/sprites/gen5/ani_black-white/ani_bw_052.gif,meowth
53,Persian,Normal,65,70,60,65,65,115,Bide;BodySlam;Thunder;TakeDown;Swift;DoubleTeam;Rest;Growl;Rage;PayDay;DoubleEdge;Substitute;Mimic;FurySwipes;WaterGun;Slash;BubbleBeam;Bite;Thunderbolt;SkullBash;Toxic;Scratch;HyperBeam;Screech,https://www.pokencyclopedia.info/sprites/gen5/ani_black-white/ani_bw_053.gif,persian
54,Psyduck,Water,50,52,48,65,50,55,Bide;BodySlam;Disable;SeismicToss;TakeDown;IceBeam;Swift;DoubleTeam;Dig;Counter;TailWhip;MegaKick;Rest;Rage;PayDay;DoubleEdge;Confusion;Blizzard;Substitute;Mimic;FurySwipes;WaterGun;Submission;BubbleBeam;Strength;Surf;SkullBash;MegaPunch;Toxic;Scratch;HydroPump,https://www.pokencyclopedia.info/sprites/gen5/ani_black-white/ani_bw_054.gif,psyduck
55,Golduck,Water,80,82,78,95,80,85,Bide;BodySlam;Disable;SeismicToss;TakeDown;IceBeam;Swift;DoubleTeam;Dig;Counter;TailWhip;MegaKick;Rest;Rage;PayDay;DoubleEdge;Confusion;Blizzard;Substitute;Mimic;FurySwipes;WaterGun;Submission;BubbleBeam;Strength;Surf;SkullBash;MegaPunch;Toxic;Scratch;HyperBeam;HydroPump,https://www.pokencyclopedia.info/sprites/gen5/ani_black-white/ani_bw_055.gif,golduck
56,Mankey,Fighting,40,80,35,35,45,70,Bide;BodySlam;SeismicToss;KarateChop;Thunder;TakeDown;Swift;DoubleTeam;Dig;FocusEnergy;RockSlide;Counter;Metronome;MegaKick;Rest;LowKick;Rage;PayDay;DoubleEdge;Substitute;Mimic;FurySwipes;Submission;Strength;Thunderbolt;SkullBash;Leer;MegaPunch;Toxic;Scratch;Screech;Thrash,https://www.pokencyclopedia.info/sprites/gen5/ani_black-white/ani_bw_056.gif,mankey
57,Primeape,Fighting,65,105,60,60,70,95,Bide;BodySlam;SeismicToss;KarateChop;Thunder;TakeDown;Swift;DoubleTeam;Dig;FocusEnergy;RockSlide;Counter;Metronome;MegaKick;Rest;LowKick;Rage;PayDay;DoubleEdge;Substitute;Mimic;FurySwipes;Submission;Strength;Thunderbolt;SkullBash;Leer;MegaPunch;Toxic;Scratch;HyperBeam;Screech;Thrash,https://www.pokencyclopedia.info/sprites/gen5/ani_black-white/ani_bw_057.gif,primeape
58,Growlithe,Fire,55,70,45,70,50,60,Bide;BodySlam;Ember;Flamethrower;TakeDown;Agility;Swift;DoubleTeam;Dig;Rest;Rage;DoubleEdge;Substitute;Reflect;FireBlast;Mimic;Bite;SkullBash;Leer;Roar;Toxic;DragonRage,https://www.pokencyclopedia.info/sprites/gen5/ani_black-white/ani_bw_058.gif,growlithe
59,Arcanine,Fire,90,110,80,100,80,95,Bide;BodySlam;Ember;Flamethrower;TakeDown;Agility;Swift;DoubleTeam;Dig;Rest;Rage;DoubleEdge;Teleport;Substitute;Reflect;FireBlast;Mimic;Bite;SkullBash;Leer;Roar;Toxic;DragonRage;HyperBeam,https://www.pokencyclopedia.info/sprites/gen5/ani_black-white/ani_bw_059.gif,arcanine
60,Poliwag,Water,40,50,40,40,40,90,Bide;BodySlam;Hypnosis;TakeDown;IceBeam;DoubleTeam;Bubble;Psychic;Psywave;DoubleSlap;Rest;Rage;DoubleEdge;Blizzard;Substitute;Mimic;WaterGun;BubbleBeam;Surf;SkullBash;Toxic;HydroPump;Amnesia,https://www.pokencyclopedia.info/sprites/gen5/ani_black-white/ani_bw_060.gif,poliwag
61,Poliwhirl,Water,65,65,65,50,50,90,Bide;BodySlam;SeismicToss;Hypnosis;TakeDown;IceBeam;DoubleTeam;Bubble;Earthquake;Psychic;Counter;Psywave;Metronome;DoubleSlap;MegaKick;Rest;Rage;DoubleEdge;Blizzard;Substitute;Mimic;WaterGun;Submission;BubbleBeam;Strength;Surf;SkullBash;Fissure;MegaPunch;Toxic;HydroPump;Amnesia,https://www.pokencyclopedia.info/sprites/gen5/ani_black-white/ani_bw_061.gif,poliwhirl
62,Poliwrath,Water;Fighting,90,95,95,70,90,70,Bide;BodySlam;SeismicToss;Hypnosis;TakeDown;IceBeam;DoubleTeam;Bubble;Earthquake;Psychic;Counter;Psywave;Metronome;DoubleSlap;MegaKick;Rest;Rage;DoubleEdge;Blizzard;Substitute;Mimic;WaterGun;Submission;BubbleBeam;Strength;Surf;SkullBash;Fissure;MegaPunch;Toxic;HyperBeam;HydroPump;Amnesia,https://www.pokencyclopedia.info/sprites/gen5/ani_black-white/ani_bw_062.gif,poliwrath
63,Abra,Psychic,25,20,15,105,55,90,Bide;BodySlam;SeismicToss;ThunderWave;TakeDown;DoubleTeam;Psychic;Counter;Psywave;Metronome;MegaKick;Rest;Rage;DoubleEdge;TriAttack;Teleport;Substitute;Reflect;Mimic;Submission;Flash;SkullBash;MegaPunch;Toxic,https://www.pokencyclopedia.info/sprites/gen5/ani_black-white/ani_bw_063.gif,abra
64,Kadabra,Psychic,40,35,30,120,70,105,Bide;BodySlam;Disable;SeismicToss;ThunderWave;Recover;TakeDown;Kinesis;DoubleTeam;Dig;Psychic;Counter;Psywave;Metronome;MegaKick;Rest;Rage;DoubleEdge;TriAttack;Confusion;Teleport;Psybeam;Reflect;Substitute;Mimic;Submission;Flash;SkullBash;MegaPunch;Toxic,https://www.pokencyclopedia.info/sprites/gen5/ani_black-white/ani_bw_064_f.gif,kadabra
65,Alakazam,Psychic,55,50,45,135,95,120,Bide;BodySlam;Disable;SeismicToss;ThunderWave;Recover;TakeDown;Kinesis;DoubleTeam;Dig;Psychic;Counter;Psywave;Metronome;MegaKick;Rest;Rage;DoubleEdge;TriAttack;Confusion;Teleport;Psybeam;Reflect;Substitute;Mimic;Submission;Flash;SkullBash;MegaPunch;Toxic;HyperBeam,https://www.pokencyclopedia.info/sprites/gen5/ani_black-white/ani_bw_065_f.gif,alakazam
66,Machop,Fighting,70,80,50,35,35,35,Bide;BodySlam;SeismicToss;KarateChop;TakeDown;DoubleTeam;Dig;FocusEnergy;Earthquake;RockSlide;Counter;Metronome;MegaKick;LowKick;Rest;Rage;DoubleEdge;Substitute;FireBlast;Mimic;Submission;Strength;SkullBash;Leer;Fissure;MegaPunch;Toxic,https://www.pokencyclopedia.info/sprites/gen5/ani_black-white/ani_bw_066.gif,machop
67,Machoke,Fighting,80,100,70,50,60,45,Bide;BodySlam;SeismicToss;KarateChop;TakeDown;DoubleTeam;Dig;FocusEnergy;Earthquake;RockSlide;Counter;Metronome;MegaKick;LowKick;Rest;Rage;DoubleEdge;Substitute;FireBlast;Mimic;Submission;Strength;SkullBash;Leer;Fissure;MegaPunch;Toxic,https://www.pokencyclopedia.info/sprites/gen5/ani_black-white/ani_bw_067.gif,machoke
68,Machamp,Fighting,90,130,80,65,85,55,Bide;BodySlam;SeismicToss;KarateChop;TakeDown;DoubleTeam;Dig;FocusEnergy;Earthquake;RockSlide;Counter;Metronome;MegaKick;LowKick;Rest;Rage;DoubleEdge;Substitute;FireBlast;Mimic;Submission;Strength;SkullBash;Leer;Fissure;MegaPunch;Toxic;HyperBeam,https://www.pokencyclopedia.info/sprites/gen5/ani_black-white/ani_bw_068.gif,machamp
69,Bellsprout,Grass;Poison,50,75,35,70,30,40,Bide;PoisonPowder;Cut;Acid;StunSpore;Slam;TakeDown;Wrap;DoubleTeam;RazorLeaf;Rest;VineWhip;Rage;DoubleEdge;SleepPowder;Reflect;Substitute;Growth;Mimic;SolarBeam;SwordsDance;Toxic;MegaDrain,https://www.pokencyclopedia.info/sprites/gen5/ani_black-white/ani_bw_069.gif,bellsprout
70,Weepinbell,Grass;Poison,65,90,50,85,45,55,Bide;PoisonPowder;Cut;Acid;StunSpore;Slam;TakeDown;Wrap;DoubleTeam;RazorLeaf;Rest;VineWhip;Rage;DoubleEdge;SleepPowder;Reflect;Substitute;Growth;Mimic;SolarBeam;SwordsDance;Toxic;MegaDrain,https://www.pokencyclopedia.info/sprites/gen5/ani_black-white/ani_bw_070.gif,weepinbell
71,Victreebel,Grass;Poison,80,105,65,100,70,70,Bide;BodySlam;PoisonPowder;Cut;StunSpore;Acid;Slam;TakeDown;Wrap;DoubleTeam;RazorLeaf;Rest;VineWhip;Rage;DoubleEdge;SleepPowder;Reflect;Substitute;Growth;Mimic;SolarBeam;SwordsDance;Toxic;MegaDrain;HyperBeam,https://www.pokencyclopedia.info/sprites/gen5/ani_black-white/ani_bw_071.gif,victreebel
72,Tentacool,Water;Poison,40,40,35,50,100,70,Bide;Cut;Acid;TakeDown;Wrap;IceBeam;DoubleTeam;Supersonic;Rest;Rage;DoubleEdge;Blizzard;Substitute;Reflect;Mimic;WaterGun;BubbleBeam;PoisonSting;Surf;SkullBash;Barrier;SwordsDance;Toxic;MegaDrain;Screech;HydroPump;Constrict,https://www.pokencyclopedia.info/sprites/gen5/ani_black-white/ani_bw_072.gif,tentacool
73,Tentacruel,Water;Poison,80,70,65,80,120,100,Bide;Cut;Acid;TakeDown;Wrap;IceBeam;DoubleTeam;Supersonic;Rest;Rage;DoubleEdge;Blizzard;Substitute;Reflect;Mimic;WaterGun;BubbleBeam;PoisonSting;Surf;SkullBash;Barrier;SwordsDance;Toxic;MegaDrain;HyperBeam;Screech;HydroPump;Constrict,https://www.pokencyclopedia.info/sprites/gen5/ani_black-white/ani_bw_073.gif,tentacruel
74,Geodude,Rock;Ground,40,80,100,30,30,20,Bide;Selfdestruct;BodySlam;SeismicToss;RockThrow;TakeDown;DoubleTeam;Dig;Earthquake;RockSlide;Counter;Metronome;Rest;DefenseCurl;Rage;Explosion;DoubleEdge;Substitute;FireBlast;Mimic;Submission;Strength;Harden;Fissure;MegaPunch;Toxic;Tackle,https://www.pokencyclopedia.info/sprites/gen5/ani_black-white/ani_bw_074.gif,geodude
75,Graveler,Rock;Ground,55,95,115,45,45,35,Bide;Selfdestruct;BodySlam;SeismicToss;RockThrow;TakeDown;DoubleTeam;Dig;Earthquake;RockSlide;Counter;Metronome;Rest;DefenseCurl;Rage;Explosion;DoubleEdge;Substitute;FireBlast;Mimic;Submission;Strength;Harden;Fissure;MegaPunch;Toxic;Tackle,https://www.pokencyclopedia.info/sprites/gen5/ani_black-white/ani_bw_075.gif,graveler
76,Golem,Rock;Ground,80,120,130,55,65,45,Bide;Selfdestruct;BodySlam;SeismicToss;RockThrow;TakeDown;DoubleTeam;Dig;Earthquake;RockSlide;Counter;Metronome;MegaKick;Rest;DefenseCurl;Rage;Explosion;DoubleEdge;Substitute;FireBlast;Mimic;Submission;Strength;Harden;Fissure;MegaPunch;Toxic;HyperBeam;Tackle,https://www.pokencyclopedia.info/sprites/gen5/ani_black-white/ani_bw_076.gif,golem
77,Ponyta,Fire,50,85,55,65,65,90,Bide;BodySlam;Ember;TakeDown;Agility;Swift;Stomp;DoubleTeam;TailWhip;Rest;Growl;Rage;DoubleEdge;Substitute;Reflect;FireBlast;Mimic;HornDrill;SkullBash;Toxic;FireSpin,https://www.pokencyclopedia.info/sprites/gen5/ani_black-white/ani_bw_077.gif,ponyta
78,Rapidash,Fire,65,100,70,80,80,105,Bide;BodySlam;Ember;TakeDown;Agility;Swift;Stomp;DoubleTeam;TailWhip;Rest;Growl;Rage;DoubleEdge;Substitute;Reflect;FireBlast;Mimic;HornDrill;SkullBash;Toxic;HyperBeam;FireSpin,https://www.pokencyclopedia.info/sprites/gen5/ani_black-white/ani_bw_078.gif,rapidash
79,Slowpoke,Water;Psychic,90,65,65,40,40,15,Bide;BodySlam;Disable;ThunderWave;TakeDown;IceBeam;Swift;Headbutt;DoubleTeam;Dig;Earthquake;Psychic;Psywave;Rest;Growl;Rage;PayDay;DoubleEdge;TriAttack;Confusion;Blizzard;Teleport;Substitute;Reflect;FireBlast;Mimic;WaterGun;BubbleBeam;Flash;Strength;Surf;SkullBash;Fissure;Toxic;Amnesia,https://www.pokencyclopedia.info/sprites/gen5/ani_black-white/ani_bw_079.gif,slowpoke
80,Slowbro,Water;Psychic,95,75,110,100,80,30,Bide;BodySlam;Disable;SeismicToss;ThunderWave;TakeDown;IceBeam;Swift;Headbutt;DoubleTeam;Dig;Earthquake;Psychic;Counter;Psywave;MegaKick;Rest;Growl;Rage;PayDay;Withdraw;DoubleEdge;Confusion;TriAttack;Blizzard;Teleport;Substitute;Reflect;FireBlast;Mimic;WaterGun;Submission;BubbleBeam;Flash;Strength;Surf;SkullBash;Fissure;MegaPunch;Toxic;HyperBeam;Amnesia,https://www.pokencyclopedia.info/sprites/gen5/ani_black-white/ani_bw_080.gif,slowbro
81,Magnemite,Electric;Steel,25,35,70,95,55,45,Bide;ThunderShock;Thunder;ThunderWave;TakeDown;Swift;DoubleTeam;Supersonic;Rest;Rage;DoubleEdge;Teleport;Substitute;Reflect;Mimic;Flash;Thunderbolt;Toxic;SonicBoom;Screech;Tackle,https://www.pokencyclopedia.info/sprites/gen5/ani_black-white/ani_bw_081.gif,magnemite
82,Magneton,Electric;Steel,50,60,95,120,70,70,Bide;ThunderShock;Thunder;ThunderWave;TakeDown;Swift;DoubleTeam;Supersonic;Rest;Rage;DoubleEdge;Teleport;Substitute;Reflect;Mimic;Flash;Thunderbolt;Toxic;SonicBoom;HyperBeam;Screech;Tackle,https://www.pokencyclopedia.info/sprites/gen5/ani_black-white/ani_bw_082.gif,magneton
83,Farfetch'd,Normal;Flying,52,90,55,58,62,60,Bide;BodySlam;Cut;TakeDown;Agility;Swift;DoubleTeam;RazorWind;Peck;Whirlwind;Rest;Rage;DoubleEdge;Substitute;SandAttack;Reflect;Mimic;Slash;SkullBash;Leer;SwordsDance;FuryAttack;Toxic;Fly,https://www.pokencyclopedia.info/sprites/gen5/ani_black-white/ani_bw_083.gif,farfetch'd
84,Doduo,Normal;Flying,35,85,45,35,35,75,Bide;BodySlam;TakeDown;Agility;SkyAttack;DoubleTeam;Peck;Whirlwind;DrillPeck;Rest;Growl;Rage;DoubleEdge;TriAttack;Substitute;Reflect;Mimic;SkullBash;FuryAttack;Toxic;Fly,https://www.pokencyclopedia.info/sprites/gen5/ani_black-white/ani_bw_084_f.gif,doduo
85,Dodrio,Normal;Flying,60,110,70,60,60,110,Bide;BodySlam;TakeDown;Agility;SkyAttack;DoubleTeam;Peck;Whirlwind;DrillPeck;Rest;Growl;Rage;DoubleEdge;TriAttack;Substitute;Reflect;Mimic;SkullBash;FuryAttack;Toxic;Fly;HyperBeam,https://www.pokencyclopedia.info/sprites/gen5/ani_black-white/ani_bw_085_f.gif,dodrio
86,Seel,Water,65,45,55,45,70,45,Bide;BodySlam;TakeDown;IceBeam;Headbutt;DoubleTeam;AuroraBeam;Rest;Growl;Rage;PayDay;DoubleEdge;Blizzard;Substitute;Mimic;WaterGun;BubbleBeam;HornDrill;Strength;Surf;SkullBash;Toxic,https://www.pokencyclopedia.info/sprites/gen5/ani_black-white/ani_bw_086.gif,seel
87,Dewgong,Water;Ice,90,70,80,70,95,70,Bide;BodySlam;TakeDown;IceBeam;Headbutt;DoubleTeam;AuroraBeam;Rest;Growl;Rage;PayDay;DoubleEdge;Blizzard;Substitute;Mimic;WaterGun;BubbleBeam;HornDrill;Strength;Surf;SkullBash;Toxic;HyperBeam,https://www.pokencyclopedia.info/sprites/gen5/ani_black-white/ani_bw_087.gif,dewgong
88,Grimer,Poison,80,80,50,40,50,25,Bide;BodySlam;Selfdestruct;Disable;Thunder;AcidArmor;Minimize;DoubleTeam;Pound;Rest;Rage;Explosion;Sludge;PoisonGas;Substitute;FireBlast;Mimic;Harden;Thunderbolt;Toxic;MegaDrain;Screech,https://www.pokencyclopedia.info/sprites/gen5/ani_black-white/ani_bw_088.gif,grimer
89,Muk,Poison,105,105,75,65,100,50,Bide;BodySlam;Selfdestruct;Disable;Thunder;AcidArmor;Minimize;DoubleTeam;Pound;Rest;Rage;Explosion;Sludge;PoisonGas;Substitute;FireBlast;Mimic;Harden;Thunderbolt;Toxic;MegaDrain;HyperBeam;Screech,https://www.pokencyclopedia.info/sprites/gen5/ani_black-white/ani_bw_089.gif,muk
90,Shellder,Water,30,65,100,45,25,40,Bide;Selfdestruct;Clamp;TakeDown;IceBeam;Swift;DoubleTeam;AuroraBeam;Supersonic;Rest;Rage;Explosion;Withdraw;DoubleEdge;TriAttack;Blizzard;Teleport;Substitute;Reflect;Mimic;WaterGun;BubbleBeam;Surf;Leer;Toxic;Tackle,https://www.pokencyclopedia.info/sprites/gen5/ani_black-white/ani_bw_090.gif,shellder
91,Cloyster,Water;Ice,50,95,180,85,45,70,Bide;Selfdestruct;Clamp;TakeDown;IceBeam;Swift;DoubleTeam;AuroraBeam;SpikeCannon;Supersonic;Rest;Rage;Explosion;Withdraw;DoubleEdge;TriAttack;Blizzard;Teleport;Substitute;Reflect;Mimic;WaterGun;BubbleBeam;Surf;Leer;Toxic;HyperBeam;Tackle,https://www.pokencyclopedia.info/sprites/gen5/ani_black-white/ani_bw_091.gif,cloyster
92,Gastly,Ghost;Poison,30,35,30,100,35,80,Bide;Selfdestruct;DreamEater;ConfuseRay;Thunder;Hypnosis;DoubleTeam;Psychic;Psywave;NightShade;Rest;Rage;Explosion;Substitute;Mimic;Lick;Thunderbolt;Toxic;MegaDrain,https://www.pokencyclopedia.info/sprites/gen5/ani_black-white/ani_bw_092.gif,gastly
93,Haunter,Ghost;Poison,45,50,45,115,55,95,Bide;Selfdestruct;DreamEater;ConfuseRay;Thunder;Hypnosis;DoubleTeam;Psychic;Psywave;NightShade;Rest;Rage;Explosion;Substitute;Mimic;Lick;Thunderbolt;Toxic;MegaDrain,https://www.pokencyclopedia.info/sprites/gen5/ani_black-white/ani_bw_093.gif,haunter
94,Gengar,Ghost;Poison,60,65,60,130,75,110,Bide;BodySlam;Selfdestruct;SeismicToss;DreamEater;ConfuseRay;Thunder;Hypnosis;TakeDown;DoubleTeam;Psychic;Counter;Psywave;Metronome;NightShade;MegaKick;Rest;Rage;Explosion;DoubleEdge;Substitute;Mimic;Lick;Submission;Strength;Thunderbolt;SkullBash;MegaPunch;Toxic;MegaDrain;HyperBeam,https://www.pokencyclopedia.info/sprites/gen5/ani_black-white/ani_bw_094.gif,gengar
95,Onix,Rock;Ground,35,45,160,30,45,70,Bide;BodySlam;Selfdestruct;RockThrow;Slam;TakeDown;DoubleTeam;Dig;Earthquake;RockSlide;Rest;Rage;Explosion;DoubleEdge;Substitute;Mimic;Bind;Strength;Harden;SkullBash;Fissure;Toxic;Screech;Tackle,https://www.pokencyclopedia.info/sprites/gen5/ani_black-white/ani_bw_095.gif,onix
96,Drowzee,Psychic,60,48,45,43,90,42,Bide;BodySlam;Disable;SeismicToss;DreamEater;ThunderWave;Hypnosis;TakeDown;Headbutt;DoubleTeam;Pound;Psychic;Counter;Psywave;Metronome;MegaKick;Rest;Rage;DoubleEdge;TriAttack;Confusion;PoisonGas;Teleport;Reflect;Substitute;Mimic;Submission;Flash;SkullBash;MegaPunch;Toxic;Meditate,https://www.pokencyclopedia.info/sprites/gen5/ani_black-white/ani_bw_096.gif,drowzee
97,Hypno,Psychic,85,73,70,73,115,67,Bide;BodySlam;Disable;SeismicToss;DreamEater;ThunderWave;Hypnosis;TakeDown;Headbutt;DoubleTeam;Pound;Psychic;Counter;Psywave;Metronome;MegaKick;Rest;Rage;DoubleEdge;TriAttack;Confusion;PoisonGas;Teleport;Reflect;Substitute;Mimic;Submission;Flash;SkullBash;MegaPunch;Toxic;Meditate;HyperBeam,https://www.pokencyclopedia.info/sprites/gen5/ani_black-white/ani_bw_097_f.gif,hypno
98,Krabby,Water,30,105,90,25,25,50,Bide;BodySlam;Cut;TakeDown;IceBeam;Stomp;DoubleTeam;Bubble;Rest;Rage;DoubleEdge;Guillotine;Blizzard;Substitute;Mimic;WaterGun;BubbleBeam;Crabhammer;Strength;Surf;Harden;ViceGrip;Leer;SwordsDance;Toxic,https://www.pokencyclopedia.info/sprites/gen5/ani_black-white/ani_bw_098.gif,krabby
99,Kingler,Water,55,130,115,50,50,75,Bide;BodySlam;Cut;TakeDown;IceBeam;Stomp;DoubleTeam;Bubble;Rest;Rage;DoubleEdge;Guillotine;Blizzard;Substitute;Mimic;WaterGun;BubbleBeam;Crabhammer;Strength;Surf;Harden;ViceGrip;Leer;SwordsDance;Toxic;HyperBeam,https://www.pokencyclopedia.info/sprites/gen5/ani_black-white/ani_bw_099.gif,kingler
100,Voltorb,Electric,40,30,50,55,55,100,Bide;Selfdestruct;Thunder;ThunderWave;TakeDown;Swift;DoubleTeam;Tackle;Rest;Rage;Explosion;Teleport;Substitute;Reflect;Mimic;Flash;Thunderbolt;Toxic;SonicBoom;Screech;LightScreen,https://www.pokencyclopedia.info/sprites/gen5/ani_black-white/ani_bw_100.gif,voltorb
101,Electrode,Electric,60,50,70,80,80,150,Bide;Selfdestruct;Thunder;ThunderWave;TakeDown;Swift;DoubleTeam;Tackle;Rest;Rage;Explosion;Teleport;Substitute;Reflect;Mimic;Flash;Thunderbolt;SkullBash;Toxic;SonicBoom;HyperBeam;Screech;LightScreen,https://www.pokencyclopedia.info/sprites/gen5/ani_black-white/ani_bw_101.gif,electrode
102,Exeggcute,Grass;Psychic,60,40,80,60,45,40,Bide;LeechSeed;Selfdestruct;PoisonPowder;StunSpore;Hypnosis;TakeDown;DoubleTeam;Psychic;Psywave;Rest;Rage;Explosion;DoubleEdge;EggBomb;Teleport;SleepPowder;Reflect;Substitute;Mimic;SolarBeam;Toxic;Barrage,https://www.pokencyclopedia.info/sprites/gen5/ani_black-white/ani_bw_102.gif,exeggcute
103,Exeggutor,Grass;Psychic,95,95,85,125,75,55,Bide;LeechSeed;Selfdestruct;PoisonPowder;StunSpore;Hypnosis;TakeDown;Stomp;DoubleTeam;Psychic;Psywave;Rest;Rage;Explosion;DoubleEdge;EggBomb;Teleport;SleepPowder;Reflect;Substitute;Mimic;Strength;SolarBeam;Toxic;MegaDrain;Barrage;HyperBeam,https://www.pokencyclopedia.info/sprites/gen5/ani_black-white/ani_bw_103.gif,exeggutor
104,Cubone,Ground,50,50,95,40,50,35,Bide;BodySlam;SeismicToss;TakeDown;BoneClub;IceBeam;Headbutt;DoubleTeam;Dig;FocusEnergy;Earthquake;Bonemerang;Counter;TailWhip;MegaKick;Rest;Growl;Rage;DoubleEdge;Blizzard;Substitute;FireBlast;Mimic;WaterGun;Submission;BubbleBeam;Strength;SkullBash;Leer;Fissure;MegaPunch;Toxic;Thrash,https://www.pokencyclopedia.info/sprites/gen5/ani_black-white/ani_bw_104.gif,cubone
105,Marowak,Ground,60,80,110,50,80,45,Bide;BodySlam;SeismicToss;TakeDown;BoneClub;IceBeam;Headbutt;DoubleTeam;Dig;FocusEnergy;Earthquake;Bonemerang;Counter;TailWhip;MegaKick;Rest;Growl;Rage;DoubleEdge;Blizzard;Substitute;FireBlast;Mimic;WaterGun;Submission;BubbleBeam;Strength;SkullBash;Leer;Fissure;MegaPunch;Toxic;HyperBeam;Thrash,https://www.pokencyclopedia.info/sprites/gen5/ani_black-white/ani_bw_105.gif,marowak
106,Hitmonlee,Fighting,50,120,53,35,110,87,Bide;BodySlam;SeismicToss;JumpKick;TakeDown;Swift;DoubleTeam;FocusEnergy;RollingKick;Counter;Metronome;MegaKick;Rest;Rage;DoubleEdge;Substitute;Mimic;Submission;DoubleKick;Strength;SkullBash;HiJumpKick;MegaPunch;Toxic;Meditate,https://www.pokencyclopedia.info/sprites/gen5/ani_black-white/ani_bw_106.gif,hitmonlee
107,Hitmonchan,Fighting,50,105,79,35,110,76,Bide;BodySlam;SeismicToss;ThunderPunch;TakeDown;Agility;Swift;DoubleTeam;Counter;Metronome;MegaKick;Rest;Rage;DoubleEdge;Substitute;Mimic;Submission;IcePunch;Strength;SkullBash;MegaPunch;Toxic;FirePunch;CometPunch,https://www.pokencyclopedia.info/sprites/gen5/ani_black-white/ani_bw_107.gif,hitmonchan
108,Lickitung,Normal,90,55,75,60,75,30,Bide;BodySlam;Disable;SeismicToss;Cut;Thunder;Slam;TakeDown;Wrap;IceBeam;Stomp;DoubleTeam;Earthquake;Counter;Supersonic;MegaKick;Rest;DefenseCurl;Rage;DoubleEdge;Blizzard;Substitute;FireBlast;Mimic;WaterGun;Submission;BubbleBeam;Strength;Surf;Thunderbolt;SkullBash;Fissure;MegaPunch;SwordsDance;Toxic;HyperBeam;Screech,https://www.pokencyclopedia.info/sprites/gen5/ani_black-white/ani_bw_108.gif,lickitung
109,Koffing,Poison,40,65,95,60,45,35,Thunderbolt;Bide;Selfdestruct;Rage;Explosion;DoubleTeam;Sludge;SmokeScreen;Toxic;Thunder;Substitute;FireBlast;Mimic;Smog;Tackle;Haze;Rest,https://www.pokencyclopedia.info/sprites/gen5/ani_black-white/ani_bw_109.gif,koffing
110,Weezing,Poison,65,90,120,85,70,60,Thunderbolt;Bide;Selfdestruct;Rage;Explosion;DoubleTeam;Sludge;SmokeScreen;Toxic;Thunder;Substitute;FireBlast;Mimic;HyperBeam;Smog;Tackle;Haze;Rest,https://www.pokencyclopedia.info/sprites/gen5/ani_black-white/ani_bw_110.gif,weezing
111,Rhyhorn,Ground;Rock,80,85,95,30,30,25,Bide;BodySlam;Thunder;TakeDown;Stomp;DoubleTeam;Dig;Earthquake;RockSlide;TailWhip;Rest;Rage;DoubleEdge;Substitute;HornAttack;Mimic;FireBlast;HornDrill;Strength;Thunderbolt;SkullBash;Leer;Fissure;FuryAttack;Toxic,https://www.pokencyclopedia.info/sprites/gen5/ani_black-white/ani_bw_111_f.gif,rhyhorn
112,Rhydon,Ground;Rock,105,130,120,45,45,40,Bide;BodySlam;SeismicToss;Thunder;TakeDown;IceBeam;Stomp;DoubleTeam;Dig;Earthquake;RockSlide;Counter;TailWhip;MegaKick;Rest;Rage;PayDay;DoubleEdge;Blizzard;Substitute;HornAttack;Mimic;FireBlast;WaterGun;Submission;BubbleBeam;HornDrill;Strength;Surf;Thunderbolt;SkullBash;Leer;Fissure;MegaPunch;FuryAttack;Toxic;HyperBeam,https://www.pokencyclopedia.info/sprites/gen5/ani_black-white/ani_bw_112_f.gif,rhydon
113,Chansey,Normal,250,5,5,35,105,50,Bide;BodySlam;SeismicToss;Thunder;Sing;ThunderWave;Minimize;TakeDown;IceBeam;DoubleTeam;Pound;Psychic;Counter;Psywave;TailWhip;Metronome;DoubleSlap;MegaKick;Rest;Growl;DefenseCurl;Rage;DoubleEdge;TriAttack;EggBomb;Blizzard;Teleport;Substitute;Reflect;FireBlast;Mimic;WaterGun;Submission;BubbleBeam;Flash;Strength;Thunderbolt;SkullBash;MegaPunch;SolarBeam;Toxic;Softboiled;HyperBeam;LightScreen,https://www.pokencyclopedia.info/sprites/gen5/ani_black-white/ani_bw_113.gif,chansey
114,Tangela,Grass,65,55,115,100,40,60,Bide;BodySlam;PoisonPowder;Cut;StunSpore;Slam;TakeDown;DoubleTeam;Rest;VineWhip;Rage;Absorb;DoubleEdge;SleepPowder;Substitute;Growth;Mimic;Bind;SkullBash;SolarBeam;SwordsDance;Toxic;MegaDrain;HyperBeam;Constrict,https://www.pokencyclopedia.info/sprites/gen5/ani_black-white/ani_bw_114.gif,tangela
115,Kangaskhan,Normal,105,95,80,40,80,90,Bide;BodySlam;SeismicToss;Thunder;TakeDown;IceBeam;DoubleTeam;Earthquake;RockSlide;Counter;TailWhip;MegaKick;Rest;Rage;DoubleEdge;Blizzard;Substitute;FireBlast;Mimic;WaterGun;Submission;DizzyPunch;BubbleBeam;Bite;Strength;Surf;Thunderbolt;SkullBash;Leer;Fissure;MegaPunch;Toxic;HyperBeam;CometPunch,https://www.pokencyclopedia.info/sprites/gen5/ani_black-white/ani_bw_115.gif,kangaskhan
116,Horsea,Water,30,40,70,70,25,60,Bide;TakeDown;Agility;IceBeam;Swift;DoubleTeam;Bubble;SmokeScreen;Rest;Rage;DoubleEdge;Blizzard;Substitute;Mimic;WaterGun;BubbleBeam;Surf;SkullBash;Leer;Toxic;HydroPump,https://www.pokencyclopedia.info/sprites/gen5/ani_black-white/ani_bw_116.gif,horsea
117,Seadra,Water,55,65,95,95,45,85,Bide;TakeDown;Agility;IceBeam;Swift;DoubleTeam;Bubble;SmokeScreen;Rest;Rage;DoubleEdge;Blizzard;Substitute;Mimic;WaterGun;BubbleBeam;Surf;SkullBash;Leer;Toxic;HyperBeam;HydroPump,https://www.pokencyclopedia.info/sprites/gen5/ani_black-white/ani_bw_117.gif,seadra
118,Goldeen,Water,45,67,60,35,50,63,Bide;TakeDown;Agility;IceBeam;Swift;DoubleTeam;Peck;Waterfall;TailWhip;Supersonic;Rest;Rage;DoubleEdge;Blizzard;Substitute;HornAttack;Mimic;WaterGun;BubbleBeam;HornDrill;Surf;SkullBash;FuryAttack;Toxic,https://www.pokencyclopedia.info/sprites/gen5/ani_black-white/ani_bw_118_f.gif,goldeen
119,Seaking,Water,80,92,65,65,80,68,Bide;TakeDown;Agility;IceBeam;Swift;DoubleTeam;Peck;Waterfall;TailWhip;Supersonic;Rest;Rage;DoubleEdge;Blizzard;Substitute;HornAttack;Mimic;WaterGun;BubbleBeam;HornDrill;Surf;SkullBash;FuryAttack;Toxic;HyperBeam,https://www.pokencyclopedia.info/sprites/gen5/ani_black-white/ani_bw_119_f.gif,seaking
120,Staryu,Water,30,45,1,70,55,85,Bide;Thunder;ThunderWave;Recover;Minimize;TakeDown;Swift;IceBeam;Tackle;DoubleTeam;Psychic;Psywave;Rest;Rage;DoubleEdge;TriAttack;Blizzard;Teleport;Substitute;Reflect;Mimic;WaterGun;BubbleBeam;Flash;Surf;Harden;Thunderbolt;SkullBash;Toxic;HydroPump;LightScreen,https://www.pokencyclopedia.info/sprites/gen5/ani_black-white/ani_bw_120.gif,staryu
121,Starmie,Water;Psychic,60,75,1,100,85,115,Bide;Thunder;ThunderWave;Recover;Minimize;TakeDown;Swift;IceBeam;Tackle;DoubleTeam;Psychic;Psywave;Rest;Rage;DoubleEdge;TriAttack;Blizzard;Teleport;Substitute;Reflect;Mimic;WaterGun;BubbleBeam;Flash;Surf;Harden;Thunderbolt;SkullBash;Toxic;HyperBeam;HydroPump;LightScreen,https://www.pokencyclopedia.info/sprites/gen5/ani_black-white/ani_bw_121.gif,starmie
122,Mr. Mime,Psychic;Fairy,40,45,65,100,120,90,Bide;BodySlam;SeismicToss;Thunder;ThunderWave;TakeDown;DoubleTeam;Psychic;Counter;Psywave;Metronome;DoubleSlap;MegaKick;Rest;Rage;DoubleEdge;Confusion;Teleport;Substitute;Reflect;Mimic;Submission;Flash;Thunderbolt;SkullBash;Barrier;MegaPunch;SolarBeam;Toxic;Meditate;HyperBeam;LightScreen,https://www.pokencyclopedia.info/sprites/gen5/ani_black-white/ani_bw_122.gif,mr. mime
123,Scyther,Bug;Flying,70,110,80,55,80,105,Bide;Cut;TakeDown;Agility;Swift;DoubleTeam;WingAttack;FocusEnergy;Rest;Rage;DoubleEdge;QuickAttack;Substitute;Mimic;Slash;SkullBash;Leer;SwordsDance;Toxic;HyperBeam,https://www.pokencyclopedia.info/sprites/gen5/ani_black-white/ani_bw_123_f.gif,scyther
124,Jynx,Ice;Psychic,65,50,35,115,95,95,Bide;BodySlam;SeismicToss;TakeDown;IceBeam;DoubleTeam;Pound;Psychic;Counter;Psywave;Metronome;DoubleSlap;MegaKick;Rest;Rage;DoubleEdge;Blizzard;Teleport;Substitute;Reflect;Mimic;WaterGun;Lick;Submission;IcePunch;BubbleBeam;LovelyKiss;SkullBash;MegaPunch;Toxic;HyperBeam;Thrash,https://www.pokencyclopedia.info/sprites/gen5/ani_black-white/ani_bw_124.gif,jynx
125,Electabuzz,Electric,65,83,57,95,85,105,Bide;BodySlam;ThunderShock;SeismicToss;Thunder;ThunderWave;ThunderPunch;TakeDown;Swift;DoubleTeam;Psychic;Counter;Psywave;Metronome;MegaKick;Rest;Rage;DoubleEdge;QuickAttack;Teleport;Substitute;Reflect;Mimic;Submission;Flash;Strength;Thunderbolt;SkullBash;Leer;MegaPunch;Toxic;HyperBeam;Screech;LightScreen,https://www.pokencyclopedia.info/sprites/gen5/ani_black-white/ani_bw_125.gif,electabuzz
126,Magmar,Fire,65,95,57,100,85,93,Bide;BodySlam;Ember;SeismicToss;ConfuseRay;Smog;Flamethrower;TakeDown;DoubleTeam;SmokeScreen;Psychic;Counter;Psywave;Metronome;MegaKick;Rest;Rage;DoubleEdge;Teleport;Substitute;FireBlast;Mimic;Submission;Strength;SkullBash;Leer;MegaPunch;Toxic;FirePunch;HyperBeam,https://www.pokencyclopedia.info/sprites/gen5/ani_black-white/ani_bw_126.gif,magmar
127,Pinsir,Bug,65,125,100,55,70,85,Bide;BodySlam;SeismicToss;Cut;TakeDown;DoubleTeam;FocusEnergy;Rest;Rage;DoubleEdge;Guillotine;Substitute;Mimic;Submission;Slash;Bind;Strength;Harden;ViceGrip;SwordsDance;Toxic;HyperBeam,https://www.pokencyclopedia.info/sprites/gen5/ani_black-white/ani_bw_127.gif,pinsir
128,Tauros,Normal,75,100,95,40,70,110,Bide;BodySlam;Thunder;TakeDown;IceBeam;Stomp;DoubleTeam;Earthquake;TailWhip;Rest;Rage;DoubleEdge;Blizzard;Substitute;FireBlast;Mimic;HornDrill;Strength;Thunderbolt;SkullBash;Leer;Fissure;Toxic;HyperBeam;Tackle,https://www.pokencyclopedia.info/sprites/gen5/ani_black-white/ani_bw_128.gif,tauros
129,Magikarp,Water,20,10,55,15,20,80,Tackle;Splash,https://www.pokencyclopedia.info/sprites/gen5/ani_black-white/ani_bw_129_f.gif,magikarp
130,Gyarados,Water;Flying,95,125,79,60,100,81,Bide;BodySlam;Thunder;TakeDown;IceBeam;DoubleTeam;Splash;Rest;Rage;DoubleEdge;Blizzard;Substitute;Reflect;FireBlast;Mimic;WaterGun;BubbleBeam;Bite;Strength;Surf;Thunderbolt;SkullBash;Leer;Toxic;DragonRage;HyperBeam;HydroPump;Tackle,https://www.pokencyclopedia.info/sprites/gen5/ani_black-white/ani_bw_130_f.gif,gyarados
131,Lapras,Water;Ice,130,85,80,85,95,60,Bide;BodySlam;Thunder;Sing;ConfuseRay;TakeDown;IceBeam;DoubleTeam;Psychic;Psywave;Mist;Rest;Growl;Rage;DoubleEdge;Blizzard;Substitute;Reflect;Mimic;WaterGun;BubbleBeam;HornDrill;Strength;Surf;Thunderbolt;SkullBash;SolarBeam;Toxic;DragonRage;HyperBeam;HydroPump,https://www.pokencyclopedia.info/sprites/gen5/ani_black-white/ani_bw_131.gif,lapras
132,Ditto,Normal,48,48,48,48,48,48,Transform,https://www.pokencyclopedia.info/sprites/gen5/ani_black-white/ani_bw_132.gif,ditto
133,Eevee,Normal,55,55,50,45,65,55,Bide;BodySlam;TakeDown;Swift;DoubleTeam;FocusEnergy;TailWhip;Rest;Growl;Rage;DoubleEdge;QuickAttack;Substitute;SandAttack;Reflect;Mimic;Bite;SkullBash;Toxic;Tackle,https://www.pokencyclopedia.info/sprites/gen5/ani_black-white/ani_bw_133.gif,eevee
134,Vaporeon,Water,130,65,60,110,95,65,Bide;BodySlam;AcidArmor;TakeDown;IceBeam;Swift;DoubleTeam;TailWhip;Mist;Haze;Rest;Rage;DoubleEdge;QuickAttack;Blizzard;Substitute;SandAttack;Reflect;Mimic;WaterGun;BubbleBeam;Bite;Surf;SkullBash;Toxic;HyperBeam;HydroPump;Tackle,https://www.pokencyclopedia.info/sprites/gen5/ani_black-white/ani_bw_134.gif,vaporeon
135,Jolteon,Electric,65,65,60,110,95,130,Bide;BodySlam;ThunderShock;Thunder;ThunderWave;TakeDown;Agility;Swift;DoubleTeam;TailWhip;Rest;Rage;DoubleEdge;QuickAttack;Substitute;SandAttack;Reflect;Mimic;DoubleKick;Bite;Flash;Thunderbolt;SkullBash;PinMissile;Toxic;HyperBeam;Tackle,https://www.pokencyclopedia.info/sprites/gen5/ani_black-white/ani_bw_135.gif,jolteon
136,Flareon,Fire,65,130,60,95,110,65,Bide;BodySlam;Ember;Smog;Flamethrower;TakeDown;Swift;DoubleTeam;TailWhip;Rest;Rage;DoubleEdge;QuickAttack;Substitute;SandAttack;Reflect;FireBlast;Mimic;Bite;SkullBash;Leer;Toxic;HyperBeam;Tackle;FireSpin,https://www.pokencyclopedia.info/sprites/gen5/ani_black-white/ani_bw_136.gif,flareon
137,Porygon,Normal,65,60,70,85,75,40,Bide;Thunder;ThunderWave;Sharpen;Recover;Conversion;TakeDown;Agility;IceBeam;Swift;DoubleTeam;Psychic;Psywave;Rest;Rage;DoubleEdge;TriAttack;Blizzard;Teleport;Psybeam;Reflect;Substitute;Mimic;Flash;Thunderbolt;SkullBash;Toxic;HyperBeam;Tackle,https://www.pokencyclopedia.info/sprites/gen5/ani_black-white/ani_bw_137.gif,porygon
138,Omanyte,Rock;Water,35,40,100,90,55,35,Bide;BodySlam;TakeDown;IceBeam;DoubleTeam;SpikeCannon;Rest;Rage;Withdraw;DoubleEdge;Blizzard;Substitute;Reflect;HornAttack;Mimic;WaterGun;BubbleBeam;Surf;Leer;Toxic;HydroPump,https://www.pokencyclopedia.info/sprites/gen5/ani_black-white/ani_bw_138.gif,omanyte
139,Omastar,Rock;Water,70,60,125,115,70,55,Bide;BodySlam;SeismicToss;TakeDown;IceBeam;DoubleTeam;SpikeCannon;Rest;Rage;Withdraw;DoubleEdge;Blizzard;Substitute;Reflect;HornAttack;Mimic;WaterGun;Submission;BubbleBeam;HornDrill;Surf;SkullBash;Leer;Toxic;HyperBeam;HydroPump,https://www.pokencyclopedia.info/sprites/gen5/ani_black-white/ani_bw_139.gif,omastar
140,Kabuto,Rock;Water,30,80,90,55,45,55,Bide;BodySlam;TakeDown;IceBeam;DoubleTeam;Rest;Rage;Absorb;DoubleEdge;Blizzard;Substitute;Reflect;Mimic;WaterGun;Slash;BubbleBeam;Surf;Harden;Leer;Toxic;Scratch;HydroPump,https://www.pokencyclopedia.info/sprites/gen5/ani_black-white/ani_bw_140.gif,kabuto
141,Kabutops,Rock;Water,60,115,105,65,70,80,Bide;BodySlam;SeismicToss;TakeDown;IceBeam;DoubleTeam;RazorWind;MegaKick;Rest;Rage;Absorb;DoubleEdge;Blizzard;Substitute;Reflect;Mimic;WaterGun;Submission;Slash;BubbleBeam;Surf;Harden;SkullBash;Leer;SwordsDance;Toxic;Scratch;HyperBeam;HydroPump,https://www.pokencyclopedia.info/sprites/gen5/ani_black-white/ani_bw_141.gif,kabutops
142,Aerodactyl,Rock;Flying,80,105,65,60,75,130,Bide;TakeDown;Agility;SkyAttack;Swift;DoubleTeam;WingAttack;RazorWind;Supersonic;Whirlwind;Rest;Rage;DoubleEdge;Substitute;Reflect;FireBlast;Mimic;Bite;Toxic;DragonRage;HyperBeam;Fly,https://www.pokencyclopedia.info/sprites/gen5/ani_black-white/ani_bw_142.gif,aerodactyl
143,Snorlax,Normal,160,110,65,65,110,30,Bide;BodySlam;Selfdestruct;SeismicToss;Thunder;TakeDown;IceBeam;Headbutt;DoubleTeam;Earthquake;Psychic;RockSlide;Counter;Psywave;Metronome;MegaKick;Rest;Rage;PayDay;DoubleEdge;Blizzard;Substitute;Reflect;FireBlast;Mimic;WaterGun;Submission;BubbleBeam;Strength;Surf;Harden;Thunderbolt;SkullBash;Fissure;MegaPunch;SolarBeam;Toxic;HyperBeam;Amnesia,https://www.pokencyclopedia.info/sprites/gen5/ani_black-white/ani_bw_143.gif,snorlax
144,Articuno,Ice;Flying,90,85,100,95,125,85,Bide;TakeDown;Agility;SkyAttack;IceBeam;Swift;DoubleTeam;RazorWind;Peck;Mist;Whirlwind;Rest;Rage;DoubleEdge;Blizzard;Substitute;Reflect;Mimic;WaterGun;BubbleBeam;Toxic;Fly;HyperBeam,https://www.pokencyclopedia.info/sprites/gen5/ani_black-white/ani_bw_144.gif,articuno
145,Zapdos,Electric;Flying,90,90,85,125,90,100,Bide;ThunderShock;Thunder;ThunderWave;TakeDown;Agility;SkyAttack;Swift;DoubleTeam;RazorWind;Whirlwind;DrillPeck;Rest;Rage;DoubleEdge;Substitute;Reflect;Mimic;Flash;Thunderbolt;Toxic;Fly;HyperBeam;LightScreen,https://www.pokencyclopedia.info/sprites/gen5/ani_black-white/ani_bw_145.gif,zapdos
146,Moltres,Fire;Flying,90,100,90,125,85,90,Bide;TakeDown;Agility;SkyAttack;Swift;DoubleTeam;RazorWind;Peck;Whirlwind;Rest;Rage;DoubleEdge;Substitute;Reflect;FireBlast;Mimic;Leer;Toxic;Fly;HyperBeam;FireSpin,https://www.pokencyclopedia.info/sprites/gen5/ani_black-white/ani_bw_146.gif,moltres
147,Dratini,Dragon,41,64,45,50,50,50,Bide;BodySlam;Thunder;ThunderWave;Slam;TakeDown;Agility;Wrap;IceBeam;Swift;DoubleTeam;Rest;Rage;DoubleEdge;Blizzard;Substitute;Reflect;FireBlast;Mimic;WaterGun;BubbleBeam;Surf;Thunderbolt;SkullBash;Leer;Toxic;DragonRage;HyperBeam,https://www.pokencyclopedia.info/sprites/gen5/ani_black-white/ani_bw_147.gif,dratini
148,Dragonair,Dragon,61,84,65,70,70,70,Bide;BodySlam;Thunder;ThunderWave;Slam;TakeDown;Agility;Wrap;IceBeam;Swift;DoubleTeam;Rest;Rage;DoubleEdge;Blizzard;Substitute;Reflect;FireBlast;Mimic;WaterGun;BubbleBeam;HornDrill;Surf;Thunderbolt;SkullBash;Leer;Toxic;DragonRage;HyperBeam,https://www.pokencyclopedia.info/sprites/gen5/ani_black-white/ani_bw_148.gif,dragonair
149,Dragonite,Dragon;Flying,91,134,95,100,100,80,Bide;BodySlam;Thunder;ThunderWave;Slam;TakeDown;Agility;Wrap;IceBeam;Swift;DoubleTeam;RazorWind;Rest;Rage;DoubleEdge;Blizzard;Substitute;Reflect;FireBlast;Mimic;WaterGun;BubbleBeam;HornDrill;Strength;Surf;Thunderbolt;SkullBash;Leer;Toxic;DragonRage;HyperBeam,https://www.pokencyclopedia.info/sprites/gen5/ani_black-white/ani_bw_149.gif,dragonite
150,Mewtwo,Psychic,106,110,90,154,90,130,Bide;BodySlam;Selfdestruct;Disable;SeismicToss;Thunder;ThunderWave;Recover;TakeDown;Swift;IceBeam;DoubleTeam;Psychic;Counter;Psywave;Mist;Metronome;MegaKick;Rest;Rage;PayDay;DoubleEdge;TriAttack;Confusion;Blizzard;Teleport;Substitute;Reflect;FireBlast;Mimic;WaterGun;Submission;BubbleBeam;Flash;Strength;Thunderbolt;SkullBash;Barrier;MegaPunch;SolarBeam;Toxic;HyperBeam;Amnesia,https://www.pokencyclopedia.info/sprites/gen5/ani_black-white/ani_bw_150.gif,mewtwo
151,Mew,Psychic,100,100,100,100,100,100,Bide;BodySlam;Selfdestruct;SeismicToss;Cut;Thunder;DreamEater;ThunderWave;TakeDown;SkyAttack;IceBeam;Swift;DoubleTeam;Dig;RazorWind;Earthquake;Pound;Psychic;RockSlide;Counter;Psywave;Metronome;MegaKick;Whirlwind;Rest;Rage;Explosion;PayDay;DoubleEdge;TriAttack;EggBomb;Blizzard;Teleport;Substitute;Reflect;FireBlast;Mimic;WaterGun;Submission;BubbleBeam;Flash;HornDrill;Strength;Surf;Thunderbolt;SkullBash;Fissure;MegaPunch;SwordsDance;SolarBeam;Toxic;MegaDrain;Softboiled;DragonRage;Transform;Fly;HyperBeam,https://www.pokencyclopedia.info/sprites/gen5/ani_black-white/ani_bw_151.gif,mew
